,tweet,marker
406,correct come town near,1
388,oop amp amp sorri think adult twitter need mommydaddi,0
374,understand mind immigr undocu illeg break law therefor stay countri law respect,1
125,refuge syria one nation sinc wow,0
960,bitch first that talk mean second da hoe hoe stfu,1
222,wed rather current immigr polici coupl stoog like would never get,1
755,believ hyster woman kamela harri,0
168,life eu core lunat want bring aggress male migrant embrac pervert valu brussel czech must open repudi punk zit cultur sale door open alreadi late,1
265,read reread love convers jjla speaker novel everyon know go home,0
367,trump let build wall deport illeg walk across border like central parkm,1
282,kaepernickput foot mouth disrespect fan exampl sacrif everythingthey exampl ignor,1
723,everyon call u btch u dont like bitch like whaaat wouldnt call bitch u wore like whore wait someon dig dick stfu barbi yo nigga disagre,1
470,ryan set hous vote gop immigr bill,0
348,poll le percent american want give amnesti illeg alien,1
57,daca ppl want chain migrat amp take court liber judg give want amp trump plan introduc welfar amp citizenship welfar suspect think twice b come u,0
153,philli archbishop europ futur face young muslim immigr,0
656,pretti hyster,1
637,american get shoot even care woman around world suffer hand islam savag beat acid attack rape murder gun scari arent,0
746,get job fat daddi fuck cunt that im pay rent dumb as hoe,1
718,stfu two foot pussi bitch,1
657,hyster woman,1
284,melissa commit friendship partner refuge famili resettl know experi would chang know go pretti big volunt thing take serious,0
422,u open border allow million immigr everi year want come u legal citizen must obey u law illeg,1
266,pakistani goe sudden immigr jihad syndrom street toronto illeg firearm feder govern consid total handgun ban call canadian logic countri home hotel,1
849,christian critic muslim men savag rape woman show ankl christian men rape wom,0
72,dont smell conspiraci theori turkey smash entri point refuge go nice tri turkey,1
148,june let call stand send power messag lawmak welcom refuge,0
723,everyon call u btch u dont like bitch like whaaat wouldnt call bitch u wore like whore wait someon dig dick stfu barbi yo nigga disagre,1
121,illeg crosser crimin record u unknown percentag commit crime home countri migrant crimin record ten parent,1
935,realli ann hyster woman wrong,0
55,make blood boil pay tax pay social secur green card like countless immigr pay fica social secur medicar intern student status go home never see penni money back,0
450,rise conflict displac across africa unlik fall without great attent pay end old war prevent new one respond refuge popul point past failur demand new improv respons,0
630,oh pussi grab lie jack as,0
605,aka stupid man ugli toe couldnt even groceri shop bitch charg neck as hoe ill yank ur slide go full chancla u bitch fuck bitch fuck u fuck retail oh god bruh plea may punch,0
419,bih ten situat local alarm choic complic either europ implement ongo deport mechan hold hostag action othersðÿthi insur unlimit migrant amp endless game reloc,1
689,stop name call grow pair ball dont say anyth stupid know truth come havent releas statement evid instead arrog pest rememb believ woman cant rape men also mean think cant rape woman either,1
976,stupid skank bare speak english,1
312,grant uk vote leav eu immigr germani crime rate go most young migrant even norway sweden problem british commonwealth lot crappi nation want citizenship expect hous etc,1
912,fuck u raw tongu kiss drop hoe meet famili eat yo pussi backand tell love dont mean u itch,1
912,fuck u raw tongu kiss drop hoe meet famili eat yo pussi backand tell love dont mean u itch,1
603,yeah stfu pussi aint copi shit im talk shit yet sit act like shit mad cant make music first place,0
559,fake feminist hypocrit one word woman beater one word hollywood rape woman teenag hypocrit like obama hypocrit,0
293,immigr law one talk,0
909,ever hit w dumb fuck cunt as fuck stupid as fuck bitch know im extrem mad,1
326,illeg alien take life decid would break u steal id ssn work illeg rob u instead send famili kill realli didnt care famili huh,1
475,guatemala send finest,1
615,wait also fuck gift get man marriag also go virgin sinc know god make virgin stfu hope never get laid,0
859,ceta take year could take even longer happen meantim creatur stfu remain singl market whilst do stfu fall apart remain sm,0
947,well call sexist im doubt hyster woman protestor btw sever hyster male protest havent see news id say sexist dear oh sorri dear sexist sorri dolli,1
447,further thing sir,0
461,damn structur eu polici tacit support perhap even fee tortur enslav migrant libya profit,0
303,happen burundian refuge tanzania shame amp outrag refuge nyarugusu camp tell effect theyr allow go outsid campal small busi closemarket open onceweek instead time,0
682,your bitch stop frig skank give back,1
873,recent exampl woman one condescend icooca teen charact call skank tell see ooc reaction talk small stuff like increas play confid charact especi young one,0
562,listen skank sugar daddi big x draftdodg punkbitch coward countri opinion mean noth go find stripper pole whatev stfu cowardic enough melania trump,1
592,dude shut fuck sound like like fuck pussi,0
356,larg scale migrat illeg migrant delhihawk menaceilleg constructionsappeas increas aap come power,0
143,professor sked eu split mani issu eg futur eurozon migrat despit right say like betray parti parliament,0
607,scare theyll take crown reign hyster woman long like safe,1
179,everi day everi nd day sudanes refuge need hous close countri go home crime stat disproportion theyv decad integr clear isnt safe australian keep oz safe,1
28,lose happi merkel co realiz realiti realli poor germani want go love refuge,1
647,littl skank stamp ankl asid today im walk funni get right bone stud littl cunt,1
982,pussi,0
492,ruth davidson interest lover immigr right anyth use poor scotland except suggest photo,1
934,woman way list rape causat factor still list ure potenti,0
393,hondsbrutal asielkolonist oostenrijk moeten leren integreren door migranten hui te nemen en ze geld te geven via,0
990,lord merci hyster woman research claim need take nap,1
944,stfu pussi appl music,1
703,shouldnt worri pretti littl head thing like perjuryask wife woman accept today corrupt gop plan return u hyster woman stay barefoot pregnantyouv show u believ,0
835,lmfao boi stfu definit get pussi mental know,0
134,save live,1
315,watch italian chef shovel beat migrant throw stone restaur free speech time,1
556,man rape fantasi write pay woman staff less call pp establish woman rig,0
879,isnt guy encourag men rape woman,0
805,alreadi hold titl hyster racist whine beetch stfu,1
368,refuge dont get food water go back quick presid havnt much,1
35,ice launch new immigr sweep la area least detain far,1
392,hous cost high allow world invad that issueto ignor role immigr invas white genocid hous disast isnt irrespons crimin,1
84,kind goon buffoon stop magazin launch,0
489,ingraham sorri pollster amp say wacki leave amp lebron go jump creek meet,0
490,two third british public think immigr highalmost three quarter think uk crowd think immigr negat effect avail hous,1
322,protest italian interior ministri rome migrant death sea,0
122,black refuge take italian ship like pirat allow go board itali,1
75,mexican natur american follow immigr law pay fee wait sacrific lot pinch parasito come demand crap demand ice fk job deport parasit like pendejo asap,1
707,peopl stop sexual assault rape men woman think right want other,0
545,say bitch wont stop say stfu hoe,1
111,corbyn still maintain blair new labour essenti marxism danger cult put migrant first usual member polit religi cult would kill member left migrant return vote labour thus far evil,1
91,salvini reiter hard line migrant libya visit,0
493,illeg rohingya migrant send back say rijiju need go back home countri india legal,0
795,follow might know god know whoever charg kind lie monster dont think skank paula white side wont go flame,1
760,hyou bitch stfu ilym stupid dumb hoe,1
440,ice job stop obfusc immigr issu conflat term immigr illeg alien theyr illeg break u law need go back,1
335,eu stop massmigr africa bring everyon europ eu idiot destroy europ,1
337,rescu migrant escap north africa expect arriv sunday spain,0
334,soft immigr trump forgot prais presid obama deport number republican couldv comprehens immigr reform year ago knowobstruct plan matter,0
214,famili hous ad burmes food chicago culinari scene own refuge famili check yet,0
808,aint bitch tri rape,0
616,im eat pussi pleasur dont care nut time smack head run away smash head yo leg cri im finish bitch im finish stfu stop cri,1
501,yo pussi equival list celebr fuck u mean,1
924,shes scank hole bitch lie lowlif,1
374,understand mind immigr undocu illeg break law therefor stay countri law respect,1
317,benefit immigr come amp make go back home,1
584,left wh dead break abl buy million dollar home buy skank daughter million dollar apart boy would love see loan applic bank statement smell bank fraud tax shenanigan,1
535,idc shes one confirm two year sinc theyv date obvious think long hard abt come coupl shut fuck,0
554,two blueblood redneck yeah appar possibl shout iranian bos trmp hasnt commit treason hillari russian stole dem primari berniei tell sound like hyster womenthey leave,0
2,im go shock peopl america america even defin america repres republ true,1
820,grant first point joke insultabout second point though call hyster person hyster doesnt set anyon back hyster woman men bitch douchebag asshol kind gender,0
533,that youv alreadi titl raggidi skank whos disappoint father,1
761,repres woman theyr repres hyster woman want whine cri presid boom economi major u woman agre check articl,1
246,hellow african immigr arent vandheri,0
4,worker charg sexual molest eight child immigr shelter,0
541,hollywood tale u judg guy pig harvey weinsteinmor woman accus hollywood produc rape,0
765,macchiato would love cook home ec class could stay kitchen sampl make,1
855,best lessoni learn stfu listen peopl good trigger solid advic think person attack mayb mayb person know takin obvious someth right,0
487,play ordinari poor peopl live like monopoli board throw dice peopl never get jail migrant win,1
236,ðÿðÿðÿµðÿ¼barcelona citi council last month decid back migrant come area tourist say tourism wreck popular neighborhood rais valu etc whilst migrant bring new life countri,0
909,ever hit w dumb fuck cunt as fuck stupid as fuck bitch know im extrem mad,1
616,im eat pussi pleasur dont care nut time smack head run away smash head yo leg cri im finish bitch im finish stfu stop cri,1
772,salli field love life burt go grave regret lose get old number dont count except skank like kirk dougla,0
867,woman most rape sexual assault victim keep quiet co one believ u still,0
919,hate love demon worship mental ill hyster woman rebel dont give fig anymor social norm want studi stem busi screw assumpt busi cupcak bakeriesi still kind love woman,0
432,meanwhil israel african refuge deport forceafrican refuge woman forc take contracept white jew welcom israel get isra citizenship black,1
940,shut fuck pussi grab perverthow divorceit mueller time,0
25,tourist go home refuge welcom barcelona choose migrant visitor,0
355,migrant unhcr say migrant arriv emerg spain,0
128,weasel tri share risk wothersðÿreluct allow other involv regard appropri secur clearanc vet migrant share itali complain neglig greeceitali year ago,0
21,lesson past eastern european nation reject muslim migrant lessonspasteasterneuropeannationsrejectmuslimmigr sweden rape increas sinc embrac multiculturalismi report verg collaps,0
220,global refuge number reach record high u take record number,0
910,skank man get,0
832,fuck face scari hoe dont say noth peopl look pussi post bitch fuck compet sit fuck shut fuck bitch wan na talk look where pic stay lane,1
299,other must uncondit reject reloc make plan sealoff spain surround area must allow reckless decis other hold hostageto stop mad migrant must stay n spainðÿsoon later follow lead,0
985,bitch want halloween care pack skank doesnt appreci,1
435,ice contact polic pull van driver flee foot peopl without document find insid via,0
786,see ur close girlfriend public hey u stupid fuck slut bitch hate u see girl u dont realli like hey girl omgggg u beeeennn foreverrrrrr,1
297,money pay social welfar increas togeth money refuge destroy budget peopl must decid welfar less refuge welfar without refuge isnt possibl,1
115,illeg alien deport time arrest hitrun crash hurt yearold,1
607,scare theyll take crown reign hyster woman long like safe,1
301,love episod great job ladi,0
778,hyster woman,1
806,yep stone woman death report rape report scandal,0
623,wow idea call booker harri hyster woman racist amaz thing get redefin daili basi,1
68,admir strength amp resili million refuge help u ensur refuge enter u year feel welcom amp support gtgt,0
655,anyon recogn hyster woman look mirror,1
317,benefit immigr come amp make go back home,1
571,smoke much stfu pussi,1
618,encourag men sex deni woman right bodi also promot rape cultur sinc woman say option,0
692,hyster moron even know th amend shut fuck cut,0
78,refuge want return concern secur want monitor return,0
909,ever hit w dumb fuck cunt as fuck stupid as fuck bitch know im extrem mad,1
928,pussi bitchhhhhhhh eat lil hoe know bang wit u rollllllinnnnn mine ion da groovin yadig,1
671,ok like stfu hoe,1
730,fuck call cracker bitch your go attack nice fuck cunt,1
224,illeg immigr make bold statement finish pay medic bill use money work,0
440,ice job stop obfusc immigr issu conflat term immigr illeg alien theyr illeg break u law need go back,1
385,confid scotland wouldnt grant vote amp want import en mass keep power live corrupt despot,1
459,powder keg mile eiffel tower illeg migrant live parallel islam state franc via,0
917,send btc anyon explain usa need import iq somali rape white woman high rate,0
985,bitch want halloween care pack skank doesnt appreci,1
100,mother w famili,1
831,dont like nigerian men get go marri american british men small thing nigerian men nigerian men thatyour feminist your manhatingcretin stem blowback greed bad tast men stfu,1
507,shut fuck pussi boy,0
994,your skank everyon know otherwis wouldnt make excus settl whilst hang multipl differ guy,1
843,hi way get ladi stop shout hear opposit desir effect love silent handmaid scream hyster woman insult caus mayb hold sign instead,1
353,proud mani refuge take leav peopl b hind grow disdain emerg,1
311,thank heart minist father libyan author coastguard save bring back libya immigr matteo salvini italian prime minist,0
32,anoth immigr sexual assault case ignor msm,0
307,enough monster continu import monster countri,1
601,fuck u slut pork dead father burn hell fuck face jewelleri seller bitch,1
22,grant extra fund cope migrant arriv,0
681,stfu there million peopl without dad your rich bitch get,1
245,peopl meet want refuge britain seem wonât contribut cost pay tax donât live among main young afford hord refuge cant peopl see,1
563,cri ard pussi as bitch stfu aint cute,1
19,doesnt partisan issu among voter alreadi isnt accord poll congress take notic peopl polit ideolog acknowledg u need,0
506,plea tell u arent go whine next month like youv jeff session could fire session moment reclus noooo continu pussi,0
905,guy spent five year hide rape inquiri think power woman creepi man,0
242,need true valu church reach vulner refuge vulner,0
102,alabama wow wonder mani legal sound terribl hear say lot peopl,1
882,unintellig hyster woman woman mental case,1
851,your go bother actual anyth shut dont bother sign hyster woman,0
922,wow stop write cap lock get your hystericalnow shut fuck,1
946,hoe stop fuck lie caus phone month dead till bitch u think u disrespect kidit mewher da fuck u like bitch u act crazydi aint act bitch talk shit im gon na,1
887,usual dont hate peopl actual hate bitch tri friend outsid work crisi decid profession use that bad type person fuck cunt get though,1
122,black refuge take italian ship like pirat allow go board itali,1
275,thousand vulner migrant child across europ unaccompani separ child arriv alon accord yet amend never proper implement,0
627,your skank cant afford wireless headphon stick rotten android phone buhby,1
765,macchiato would love cook home ec class could stay kitchen sampl make,1
799,receiv dick pic lol u ugli bitch fuck u slut messag,0
127,illeg child abus make kid make danger journey enter u illeg american kill illeg never unit kid empathi illeg game u,1
589,hilari shriek hyster woman annoy regardless point tri get across adult,1
469,law allow separ migrant child tell flee countri lawsuit say via,0
699,susan lose credibl need stfu say,1
37,cameron stop immigr vote eu vote learn scot independ immigr negat infeuenc,1
534,booti fever bitch,0
830,thing woman speak rape nigerian twitterth backlash would shock good mind henc silenc,0
906,lol your probabl tweet hard move dick pussi shut fuck fake hoe,1
39,search continu five suspect refuge flee lorri,0
871,immigr rape old english woman tell heryour bitch countri im saddam hussein,0
949,bitch calm pussi yo ppl aint around,1
155,inspir african athlet championship august allow space refuge shine,0
264,africa african asia asian white countri everyon white genocideto ignor role immigr invas white genocid hous disast isnt irrespons criminalh,1
97,taxpay burden expens legal process illeg refugeesyour opinion,1
609,hi bitch pls u skank as hoe aint bouta shit throw hand tomorrow sinc bold twitter,1
336,pas immigr kill,1
933,everi woman ever know experienc sexual harass assault rape say bad,0
263,refuge welcom turist go home,0
351,busi refuge camp amaz resili difficult circumst,0
418,humanitarian ship resum mediterranean migrant rescu patrol despit european resist abc news via,0
969,dad chef hous whole woman need stay kitchen doesnt make sen,0
577,cori booker think he hyster woman senat,0
289,boat act like taxi servic econom migrant pose refuge come europ seek welfar benefit west refuge stop turkey like real refuge instea,1
134,save live,1
140,dehumanis illeg isnt torus flash pan span govern uk wont die till come broad understand migrat simpli crime one,0
504,yea actual get pas horribl crap skank black white peopl dont pas,0
646,bitch give fuck u fill ur glasssimon get instead that right whore im talk oh thank bill good realli fuck wasnt,1
497,import messag fan next month join good friend convers immigr health chat take place septemb pm et use hashtag see,0
805,alreadi hold titl hyster racist whine beetch stfu,1
805,alreadi hold titl hyster racist whine beetch stfu,1
616,im eat pussi pleasur dont care nut time smack head run away smash head yo leg cri im finish bitch im finish stfu stop cri,1
574,take second rememb rap three month ago caus see woman someth nurtur someth conquer he yell fuck hoe love,1
259,midlothian set ban firework yes what real reason ban mayb syrian refuge might give bad memori,0
558,enough thousand thousand angria get elect lose your like hilari clintonspoil petul entitledstfu,1
376,russia build forc syria action isi welcom start talk migrant,1
694,yea fuck as hole mother fuck bitch grrrrr,1
895,shut fuck fuck monkey jew bitch cunt nigger dick lick,1
875,alessia fkn skank go chang,1
650,dont understand work hard sex work nut sex even situat work huh your anoth bitch work store furthermor cant anyth need die bitch die,1
888,goto analog mean girl cliqu polici ohmigod guy berni isnt even democrat kay cant sit u pass book berni nasty skank bitch ever meet trust fug,0
840,ben sas correct sinc ive ever hear everi two year elect hyster woman leftist act backalley abort shit get old didnt hear one protest issu yell hear that piti,1
444,white assimil non white immigr homeland build u ancestor dont assimil that perfect finethi invas ðÿðÿ,1
107,report illeg immigr child strang know littl amp kiddi scam expo,0
249,politifact florida bill nelson claim detain immigr parent charg minut call child true,0
233,anoth reason easi jihadist islam countri slide across border illeg folk mexico central americaparanoid mayb littl dont want see countri look like european countri,1
203,angri un job check lebanon isnt coerc syrian refuge return home lebanon stop give resid permit agenc intern staff,1
748,hate meme go dear girl stop ___ think boy like dont like fuck cunt think even spend second day think dumbass prefer yall dumb lmaoooooo woman dont give fuck,0
985,bitch want halloween care pack skank doesnt appreci,1
386,know someth chucki peopl dont give rat behind say parti do enough destroy america do ideal,1
960,bitch first that talk mean second da hoe hoe stfu,1
880,u rabid fuck cunt oh yea u indiana tho common u woman folk ask mother penc,1
929,men need respect woman point blank excus rape shouldnt justifi excus,0
7,global compact migrat move forward,0
18,must reject global indiffer toward refuge say presid intern cathol migrat commiss,0
325,u immigr mother say child suffer trauma,0
843,hi way get ladi stop shout hear opposit desir effect love silent handmaid scream hyster woman insult caus mayb hold sign instead,1
164,know kid parent prison kid foster care separ militari parent know theyll see medium focus kid temporarili separ illeg immigr sink,0
739,god didnt make woman fuck cunt love sure hell gon na fuck whenev want wherev want stop embarrass shit,0
369,syrian refuge set weekend school nl teach child arab,0
161,job workersguest worker prg need support,1
127,illeg child abus make kid make danger journey enter u illeg american kill illeg never unit kid empathi illeg game u,1
700,ad video playlist skank tanto want ao vivo,0
673,urgh tmj pain full pelt morn pain littl sleep im separ parent inform programm court dont seem buy cant communic ex he abus im hyster woman need teach,0
332,india tough illeg immigr bangladesh deport immigr peopl settl slowli move south,1
671,ok like stfu hoe,1
660,fuck talk pussi state point til bitch as team beat outlaw battl texa dont give fuck anyth el eat dick shut fuck,1
597,idk im lot nicer peopl dont like much peopl truli love get call skank bitch someth natur,0
862,mean meaningless cult mindless drone peopl ignor fact like trump dont brain fact go core valu kiss as,0
67,want propper diet meal join foodbank want council hous come back batter syria iran away behind time nan english leason immigr want learn english get countri dont speak english,0
191,illeg alien expens,0
383,obama right say mani time,0
558,enough thousand thousand angria get elect lose your like hilari clintonspoil petul entitledstfu,1
949,bitch calm pussi yo ppl aint around,1
656,pretti hyster,1
73,exclus sanction libya coastguard command say hit migrant,1
557,truli hyster togeth tend agre w tho never know need snack,0
532,god dammit boy van talk hyster congrat everyth,0
678,stfu hoe bad bitch,1
386,know someth chucki peopl dont give rat behind say parti do enough destroy america do ideal,1
323,room go home immigr main part new hampshir full,1
226,utah nonprofit help hundr refuge go colleg place kai sin call home refuge camp bear famili escap ethnic violenc myanmar,0
579,idol liter arent gon na trust yall date shit anymor like fuck actual want honest yall trust yall enough talk yall ruin fuck career im piss knetz choke gn,0
621,im perfect happi boyfriend bitch dont worri karma come skank as,1
500,shit ima choke yo as back say mine even tho im yo side nigga,1
333,vanguard eighth annual event immigr law defend immigr right keep famili togeth davi vanguard,0
590,realli anyth case kindi would use low iq hyster woman zero talent,1
169,offer pay countri â euro per person take migrant,0
111,corbyn still maintain blair new labour essenti marxism danger cult put migrant first usual member polit religi cult would kill member left migrant return vote labour thus far evil,1
639,woman scorn woman charg rape make hard woman seek help half pop gether rise,0
610,wait peopl actual swine flu catch bin kill skank real,0
310,non white immigr love freedom speech bash white menbut freedom speech creat white men ðÿƒðÿƒðÿƒ,1
667,ahh see final embrac inner blond skank good mitch,1
407,must pass law deport border court illeg includ central american cross border illeg asylum contest remov order mandatori everifi,1
73,exclus sanction libya coastguard command say hit migrant,1
720,girl work today bad come across hyster woman,1
600,costum parti pic slut bitch nude lesbian photo,1
159,problem toronto diver look ricardo duchesn canada decay white genocid crime polici optionto ignor role immigr invas hous disast isnt irrespons criminalhtt,1
586,bitch stole tip steal right back fuck cunti hate serv,1
694,yea fuck as hole mother fuck bitch grrrrr,1
635,shut fuck treason bitch whore hurri die alreadi,1
702,also clench jaw grind fuck poor teeth say pleasant thing like die fuck bitch fuck cunt monster smash rage spidey,0
174,antonio sabato jr im immigr amp support trump wall via,0
916,need pussi,1
150,donni separ immigr famili reunit famili respons,0
306,usa may welcom immigr refuge current govern sure welcom hacker,0
904,rape joke matter time speak light woman,0
430,googl welcom china censor internet,0
679,plan go continu gardenvarieti pussi come check tweet kind stfu,0
511,dead heat hyster woman ever,1
568,corey booker kamala harriss compet hyster woman senat,1
460,immigr danc art network dedic promot danc make perform immigr artist new york learn join network today,0
410,spent new sunglass next day find awesom pair,0
248,tri true method proven result,1
276,smell fear shoot dead street lot peopl will take,0
451,mexican woman seek asylum way administr want legal way work,0
202,report suggest trump team seek end palestinian status refuge,0
377,senat pas bill enshrin billion militari aid packag israel law,0
548,fuck hoe ugli anyway trynna see pum pum like twanni say make nois skank as hoe say nigga chanc,1
783,mention book clair didnt stay kitchen either woman clear doesnt know shes talk howev yes much woman cook clean etc,1
429,local organis mike jone chair bexley meet earlier even anoth enjoy event interest speech discuss great compani thank attend,0
533,that youv alreadi titl raggidi skank whos disappoint father,1
313,rare move govt jail soldier kill lawyer say reform need,0
280,still clear put rescu migrant,0
426,new york new york,0
374,understand mind immigr undocu illeg break law therefor stay countri law respect,1
108,yearold swedish boy stab death syrian refuge classmat free speech time,0
788,shut hear skank total let david go way,1
411,celebr overcrowd refuge camp cox bazar far easi,0
432,meanwhil israel african refuge deport forceafrican refuge woman forc take contracept white jew welcom israel get isra citizenship black,1
270,illeg alien mother turn juvenil daughter rapist sneak u job scam caus,0
921,oh skank,1
24,franc adopt tough new law asylum immigr,1
149,greatitali take refuge send vatican squar live would make happi right,0
229,yes intent use languag describ sinc malta summit want turn illeg migrat legal migrat provid safe rout eu expand definit refuge includ migrant africa refuge,0
400,refuge u citizen al stori video âž_xd_,0
880,u rabid fuck cunt oh yea u indiana tho common u woman folk ask mother penc,1
723,everyon call u btch u dont like bitch like whaaat wouldnt call bitch u wore like whore wait someon dig dick stfu barbi yo nigga disagre,1
428,immigr famili reunit new york,0
758,real hyster woman,1
732,let see rape woman kick dog fat pig need neuter hung public squ,0
13,libyan coast guard rescu migrant,0
40,wonder support anoth well know model happen immigr fleshi pictur publish pastsh live whitehous far tell incred person would sh,0
595,anoth cunt name sandip appearedand cri develop okay cunt sandip justifi devic like x g famili come oreo moto z play get updat oreo motherfuck yo,0
245,peopl meet want refuge britain seem wonât contribut cost pay tax donât live among main young afford hord refuge cant peopl see,1
198,skill migrant resid polici great way new zealand gain migrant interest call new zealand perman new home today celebr success client unnikrishnan rajendran nair famili becom nz resid,0
792,like dude think woman want dick pussi bitch wouldnt touch foot pole shrimp dick toad fuck pesant go fuck matter fact hope lose dick never use fuck cunt,0
776,fuck puerto rico peopl know famili member bore wit live thru bare minimum stfu instead attack lie bullshit paper towel throw bullshit fuck liar piec,0
11,insan last weekend arizona invas,1
228,america fact real deal leader presid trump v liar loser crimin presid trump v jvfail oragn american leader v scandal immigr,0
932,whole bitch soft snitch untrustworthi teammat hoe,0
619,im friend crib east orang right window wide open hear pussi bitch suck dick that fuck cousin nigga,1
730,fuck call cracker bitch your go attack nice fuck cunt,1
912,fuck u raw tongu kiss drop hoe meet famili eat yo pussi backand tell love dont mean u itch,1
553,skank look like half man half actual nerv make fun someon el look cant make kind stupid ugli look like surgeri success congrat dude btw f,1
621,im perfect happi boyfriend bitch dont worri karma come skank as,1
245,peopl meet want refuge britain seem wonât contribut cost pay tax donât live among main young afford hord refuge cant peopl see,1
318,plenti diver elit start import rd world,1
445,russia say within come month near syrian refuge abl go home,0
468,what im inspir everi day hardwork team support around world emerg food assist,0
17,texa woman die fall move suv may push illeg alien driver,0
582,multipl woman hear share stori rape get fair trail,0
391,low black unemploy histori enforc law mean illeg longer take job low american wage destori black ommun likecompton ca,0
727,cum skank,1
101,quiet mani innoc peopl need die congress get butt pas legisl quit showboat judg know qualifi job protect american citizen,1
239,plea share oneman come web seri mr avail mr stori young chine immigr hollywood journey becom great actor time watch,0
65,muh immigrant,0
530,faker tool he compet see hyster woman senat surpris,1
321,appar consid set annual refuge admiss cap low number admit would blow smithereen budget nine feder resettl contractorslearn nine suppos chariti,1
994,your skank everyon know otherwis wouldnt make excus settl whilst hang multipl differ guy,1
812,ya allahthi filthi skank need cage match bring righteousnesswhat mean need put isi cage spray petroland light match thrown hanow that cure sin behavior w,0
257,salvini italia best men stop illig refuge gover europ stop return refuge home elect next time socialist like welcom loo wind chang,1
526,one two win prize hyster woman,1
452,nineteen dead migrant boat sink northern cyprus coast guard,0
584,left wh dead break abl buy million dollar home buy skank daughter million dollar apart boy would love see loan applic bank statement smell bank fraud tax shenanigan,1
788,shut hear skank total let david go way,1
477,actual wonder safe would feel stand middl group child refuge,1
3,invas issu mexican,1
253,canada pm justin trudeau spend billion illeg immigr cut aid veteran free speech time,1
420,inde unhcr report albania treat asylumseek welland mean exact via,0
906,lol your probabl tweet hard move dick pussi shut fuck fake hoe,1
316,save migrant sea one truck tyre,0
192,truth know christian refuge would problem havent see christian refuge shoot kill,0
893,im victim rape abus harrass never know woman havent experi,0
406,correct come town near,1
170,enter twilight zone cnn creat narrat night,0
906,lol your probabl tweet hard move dick pussi shut fuck fake hoe,1
3,invas issu mexican,1
778,hyster woman,1
165,delhi depict pathet scene aap come powerramp encroach appeas classilleg migrant jhugi sprung,1
157,saddiq khan hold refuge welcom sign like attend someon el hous parti invit bunch peopl dont know place saddiq,1
319,un migrat agenc reject trump nomine,0
318,plenti diver elit start import rd world,1
701,ok sure skank as troll bot go take bath toasterno one miss go,1
627,your skank cant afford wireless headphon stick rotten android phone buhby,1
819,youngboy sumn pussi boy,0
273,today â_x_ near burundian refuge two day open vocat train center insid mahama refuge camp,0
658,woman alleg rape make claim file suit,0
402,bandaid american want total immigr reform build wall get go congress right thing,1
500,shit ima choke yo as back say mine even tho im yo side nigga,1
813,yea dont think asshol think pussi go corrupt werent treason werent alreadi never john mccain friend never friend america yo,1
920,im sorri generat femal self respect internet shouldnt know your horni wet good pussi etc yall wonder boy treat yall like hoe pray generat,1
525,dont worri ann multiday meltdown simpli switch seat delta airplan flight last year still consid hyster woman,1
892,say keep safe wont wont keep woman safe rape cultur,0
527,stfu u hate as bitch go suck big dick pussi as hoe u lookin like rat,1
439,america interest trump interest,0
443,barcelona recent make public decis embrac migrant let tourist trade slide tourist wreck neighbourhood whilst migrant enrich cultur joke ðÿðÿðÿðÿðÿ,0
296,get immigr refuge board seem like stack,0
987,woman decid drop charg concern rape alleg doesnt mean didnt happen legal,0
550,lmao stfu nigga dont know shit im go nigga tryna ky dumb reason foh tri live life lmao pussi boy,0
667,ahh see final embrac inner blond skank good mitch,1
978,dollar sign hyster woman,1
492,ruth davidson interest lover immigr right anyth use poor scotland except suggest photo,1
406,correct come town near,1
629,like reward behavior train regular hyster,0
251,see full brutal ice impact immigr look insid u border,0
399,major never file asylum claim releas insid u big scam lot migrant pick kid leave get welfar free educ taxpa,1
671,ok like stfu hoe,1
672,nigga want ride dick choke die second dick juggl gargl ball like mouthwash control vagin wall like your squeez stress ball give type orgasm goodnight,1
394,angela merkel precari germani refuge row intensifi,0
374,understand mind immigr undocu illeg break law therefor stay countri law respect,1
558,enough thousand thousand angria get elect lose your like hilari clintonspoil petul entitledstfu,1
368,refuge dont get food water go back quick presid havnt much,1
858,booker win award put b hyster woman categori,1
376,russia build forc syria action isi welcom start talk migrant,1
631,fuck sacrificeyour fuck bitch as pussi need get ass beat piec shit,0
594,men your right gomez addam would never,1
30,look return refuge idp iraq elsewher human suffer negat develop trajectori go hand hand,0
135,theyv spread everi corner countri appar million know mani realli million infiltr u must go,1
412,everi cultur complain equal right includ one hide illeg immigr want give get life,0
625,shes kind skank dont want see light come close time along melania ivanka russian skank,1
861,think win hyster woman kamala runner drama queen go way gay w spartacus hysteria,0
135,theyv spread everi corner countri appar million know mani realli million infiltr u must go,1
144,migrant die mediterranean,0
416,special team peopl make respect rtd judg let visit indian state camp amp identifi illeg migrant amp peopl expir visa govt must ensur immedi deport,1
240,mani follow get everyday get last day grow daili,0
821,exact hyster woman sass hate,0
516,thank much creat hear packag see tweet differ take agre coulter booker harri compet hyster woman award realli appreci work put thx,1
923,talk bibl woman man properti therefor senseless misogynist rape marri woman happen,0
978,dollar sign hyster woman,1
358,would conserv parti recent make son pakistani muslim immigr home secretari whatabouterri high order new statesman,0
548,fuck hoe ugli anyway trynna see pum pum like twanni say make nois skank as hoe say nigga chanc,1
197,dont care immigr come racial background long get legal proper entri point know person tri get countri crimin background turn away dont need crimin,0
62,actual happen differ accord unhcr breakdown refuge woman child men age demograph peopl flee war,0
494,messag liber advoc open bordersif import third world get third world problem hard understand itth british nation parti continu campaign tradit britain,1
397,unhcr aid return somali refuge yemen via,0
646,bitch give fuck u fill ur glasssimon get instead that right whore im talk oh thank bill good realli fuck wasnt,1
415,illeg alien mexico accus rape yearold girl deprav illeg alien child rape cultur,1
402,bandaid american want total immigr reform build wall get go congress right thing,1
79,danish insist wear faceveil amp still desir live nonperson ghost muslim hopeless unabl assimil,1
74,mean guy separ immigr child parent border,0
362,note talk montreal startup ecosystem montreal good job bring immigr there key opportun bring montreal startup world globalfirst focus sourc,0
38,antitrump immigr demo cross brooklyn bridg new york,0
59,dont love citi buffalo code program seek open tech career door girl,0
790,hyster woman men look,1
646,bitch give fuck u fill ur glasssimon get instead that right whore im talk oh thank bill good realli fuck wasnt,1
564,your ugli fuck bitch take back word say wish slap stand infront blahe eye pussi bitch,1
485,boo hoo say ky refuge contractornot enough muslim place bowl green leftw medium conveni forget thing like thisiraqi refuge terrorist arrest bg good thing im remind,1
565,think bot argu your hyster cant understand basic mean word your still lose,0
326,illeg alien take life decid would break u steal id ssn work illeg rob u instead send famili kill realli didnt care famili huh,1
704,your man woman frank think sexual harass isnt big deal your perpetu rape cultur,0
578,oh gosh oh gosh head explod person tweet stay kitchen cook man clear person want show sole frnk misogynist life hed lead jami x clair that book show,0
909,ever hit w dumb fuck cunt as fuck stupid as fuck bitch know im extrem mad,1
846,choke leave hand slap head book step fuck face heel okay thank,0
576,could somebodi tell pay asshol keep interrupt confirm hear shut fuck,0
123,pay wall wast money caus stop illeg immigr come visa never go home,1
770,co u know woman rape survivor histor alway fair justic serv smh,0
488,thing think wrong shut govern get fund ask right numer time wherea gotten wrong everi time,1
926,respect u worri paint rapistharvey weinsteinon lose year woman report rape,0
758,real hyster woman,1
549,shut fuck stupud fuck edat go get fuck pussi irl dumb muslim,1
585,peopl say woman fault that wrong woman want unwant sexual advanc rape,0
61,prime minist theresa may keep remind u cultur enrich muslim immigr contribut britain via brit awaken,0
780,modern life becom increas issu support healthi night rest aid rest night,0
988,booker act like hyster woman there inuendo homosexu dog whistl cant complet imaginari,0
255,say uk need million new hous immigr need million less immigr,1
646,bitch give fuck u fill ur glasssimon get instead that right whore im talk oh thank bill good realli fuck wasnt,1
798,hyster woman touch anncouldnt agre candidaci alreadi,1
573,say want dick caus im sad sex make happi say im mental ill bitch stfu,0
413,lui mario rodriguestorr mexican illeg arrest connect rape yearold girl report contact via snapchat illeg pacif ocean gulf mexico law,0
945,multiyear champion hyster woman univers award im generous call woman,1
233,anoth reason easi jihadist islam countri slide across border illeg folk mexico central americaparanoid mayb littl dont want see countri look like european countri,1
957,think award go cori booker hyster woman,0
746,get job fat daddi fuck cunt that im pay rent dumb as hoe,1
257,salvini italia best men stop illig refuge gover europ stop return refuge home elect next time socialist like welcom loo wind chang,1
86,twelv refuge worker die italian road crash,0
754,ann coulter right bookerharri r behav like coupl hyster woman tri outdo,1
524,positivelyjoan rt altnatparks mike penc allow rape victim abort lead woman tri get rape rt ar,0
278,toronto nonwhit readili visibl crimethat much genocid b agenda lke complicityremigr easi come easi go,0
779,hyster mean logic wellread unapologet passion correct,0
712,refer woman call woman hoe bitch choos sexual activ wan na constant callin woman fuck hoe wrong bold,0
874,your date babi daddi call babi mama bitter go talk stfu mind busi bc know damn well nigga go lie get pussi play victim idc,1
250,announc vast major refuge flee kenya due tension moyal area march return genorouali open door sill provid protect remain one could,0
361,year ago legal immigr say insult anyon sneak countri would protect amp help amp want know amp other obey law cost crimin r worship amp hero rebuk evil,0
860,plea lot news open defec poverti miseri suppress woman religi intoler minor rape cultur get pictur want hear trust medium fake news ab,0
668,mf never listen feel feel quick blame bitch dont even know wtf wrong jus stfu dumb as hoe,1
277,migrant land itali five state take,0
925,pocket panini stovetop sandwich maker,0
274,hama leader say everi christian nation convert islam conquer migrat europ first america free speech time,0
26,europ want center africa vet migrant critic say abdic respons,0
608,sip wine yo bitch explain shit couldnt understand man yo woman perspect help grow stfu listen,0
897,ur lemon get woman drink sex u nikka that rape,0
725,im sit librari free period fuck bitch as hoe put backpack could sit wth,1
285,,0
536,kill war didnt rapemolest sell woman slave market didnt con,0
455,donald trump pull u un global compact migrat,0
130,illeg refuge includ syrian refuge mexican refuge south american refuge except venezuelan refuge go back home realli thing escap come legal dont see u burn mex flag,1
911,ever skank tri make fun tell suck dick shell magic turn hoe grab near dick within perimet,1
805,alreadi hold titl hyster racist whine beetch stfu,1
834,say ya fuck cunt puffinnow fuck go take your face shite,0
726,your whole entir bitch mother father probabl brother sister stupid fuck cunt,1
714,realli get tire everyon tell look like bitch like stop fuck prejudic fuck cunt,0
553,skank look like half man half actual nerv make fun someon el look cant make kind stupid ugli look like surgeri success congrat dude btw f,1
622,sometim feel like old mommi alway readi intim youeven lust mom pussi doesnt stop soak,1
159,problem toronto diver look ricardo duchesn canada decay white genocid crime polici optionto ignor role immigr invas hous disast isnt irrespons criminalhtt,1
533,that youv alreadi titl raggidi skank whos disappoint father,1
948,coulter need eat ham sandwich choke sexist comment plenti rw men truli hyster see presid act,0
774,yeah ask truth could character hyster woman someon idea woman actual,0
217,didnt liber say illeg kid illeg cant stay give custodi anoth illeg alien overid feder law,1
751,pussi repli tweet mute first pussi hahaha,1
44,msf offer health care evro refuge arriv rise,0
959,think booker hyster woman kamala,1
642,hyster woman way appli type feel specif gender absolut disgrac insinu woman hyster call woman insult,0
131,welfar refuge swiss reduc frank month,0
193,,0
24,franc adopt tough new law asylum immigr,1
407,must pass law deport border court illeg includ central american cross border illeg asylum contest remov order mandatori everifi,1
898,guy draw session last night neg woman next say dont get hyster believ right woman choos stfu also thx affirm well know fact misogynist draw like shit,0
152,help come peopl die govt countri crimin brand send immigr pack dem send u pack wors,1
513,polley write woman industri dont think anyon care tell rape cultur isnt acknowledg,0
749,bitch fuck whore fuck whore like get chanc act movi thousand struggl motherfuck bitch bitch doesnt know parent act clean,1
47,hungarian govern slam eu attitud toward mass migrat,0
742,let see brag grab woman pussi demean belittl peopl includ staff daili yeah see hear true stfu oh mueller come,0
717,patton oswalt hollywood comedian woman enjoy rape,0
255,say uk need million new hous immigr need million less immigr,1
462,side coin mani migrant get hous first place tragedi tragedi get new hous,1
705,oh doubt stay kitchen music slappin lil bit greeneri im cool lol busi damn that what yeah late there lot spot like poppin around way good would name visual name manifest,0
759,samantha dont shut fuck mind damn busi whole situat noth run fat mouth want sell pussi wou,1
199,tomorrow pm edt host facebook live event border texa address separ immigr famili tune gtgt,0
162,franc adopt controversi asylum immigr law via,0
87,trump win,1
753,rude fuck bitch cunt phone work want push cliff n jump rib ent phase,1
85,valedictorian daca illegali kindtook time busi brain surgeon scheduleto smuggl smore med student amp quantum physicist illeg ussh musta heard gon na use meritbas immigr system,1
243,shock declar belgium eu must close border turn back migrant boat european union ceas exist via oh myth moron final awaken,0
709,stfu pussi clear white guy fuck aggressor lay hand first typic respons kind,1
930,pssst father law crimin histori countri origin wouldv disqualifi citizenship your kick wh well send back whis chain migrat wife racist skank pretend,0
175,lot illeg muslim immigr r see delhi old delhiaround nzmamp yamuna banksokhladelhi fast becom slum,1
27,pari suburb aka muslim go zone home illeg immigr report say,0
508,peopl support youtub who mock rape like bitch wtf,0
977,rememb woman inferior men even though general test well everyth men doit fault suck there noth push away thing,1
843,hi way get ladi stop shout hear opposit desir effect love silent handmaid scream hyster woman insult caus mayb hold sign instead,1
97,taxpay burden expens legal process illeg refugeesyour opinion,1
798,hyster woman touch anncouldnt agre candidaci alreadi,1
687,wow fantast way cunt find denigr actual survivor rape sexual assault,0
289,boat act like taxi servic econom migrant pose refuge come europ seek welfar benefit west refuge stop turkey like real refuge instea,1
537,yea pussi boy like say ill get room,0
262,do noth stop steal american jobsw watch wont con billion wall fund tire useless talkit wont stop fli steal american jobsstop,1
36,immigr boy molest u custodi man hiv posit let sink look compass,0
401,foreign labor cheap mani employ simpli dont pay anyth let immigr sue court,0
368,refuge dont get food water go back quick presid havnt much,1
902,shut fuck know your bitch whore,1
457,arriv eu refuge make protest want money welcom,0
233,anoth reason easi jihadist islam countri slide across border illeg folk mexico central americaparanoid mayb littl dont want see countri look like european countri,1
75,mexican natur american follow immigr law pay fee wait sacrific lot pinch parasito come demand crap demand ice fk job deport parasit like pendejo asap,1
323,room go home immigr main part new hampshir full,1
321,appar consid set annual refuge admiss cap low number admit would blow smithereen budget nine feder resettl contractorslearn nine suppos chariti,1
205,rampant child rape expos detent center hiv posit worker catch rape kid,0
590,realli anyth case kindi would use low iq hyster woman zero talent,1
94,ontario concern listen immigr meet ottawa illeg cross,0
101,quiet mani innoc peopl need die congress get butt pas legisl quit showboat judg know qualifi job protect american citizen,1
309,coward last activ parti member involv illeg immigr industri,1
693,im go larp someon tv show otherwis might get engag recreat infanticid say well adjust hyster woman,0
77,cbi call favour treatment migrant,0
832,fuck face scari hoe dont say noth peopl look pussi post bitch fuck compet sit fuck shut fuck bitch wan na talk look where pic stay lane,1
135,theyv spread everi corner countri appar million know mani realli million infiltr u must go,1
517,great good moog buffalo bill look go littl kooki danc listen wild hors,0
289,boat act like taxi servic econom migrant pose refuge come europ seek welfar benefit west refuge stop turkey like real refuge instea,1
440,ice job stop obfusc immigr issu conflat term immigr illeg alien theyr illeg break u law need go back,1
441,first come transgend soldier amp say hell come immigr famili amp say hell number privat entiti decid stop busi amp didnt say anyth noth human right,0
123,pay wall wast money caus stop illeg immigr come visa never go home,1
133,white peopl stole land v everyon immigr africa via,0
580,hahahhahahahahahahahhahaha first wtf say sweeti like im atheist dont even want marri like stfu dear men stop rap u street make plea dumb motherfuck dont give shit bibl say man,0
331,never happen usa must deport muslim form nation becom american invad forc sharia u must go,1
137,addit possibl lose million holidaymak problem male violent african refuge spain could also lose fortun ex pat would move back uk other would buy properti spain spain take migrant,1
795,follow might know god know whoever charg kind lie monster dont think skank paula white side wont go flame,1
298,recu near migrant sea day,0
613,well hyster woman cadaver ghoulnow shut go back crypt sun,1
16,immigr legal servic depart accept new client plea call stop offic request intak appoint,0
509,repli tweet guy see time rape tweet sooo mani woman experienc,0
918,sweden four men rape woman cognit abil yearold walk freefour men charg gross rape development disabl woman yesterday set free court could prove knew development disabl,0
12,realiti nike unlik groupi never buy product enough enough ugli crap enough alreadi love flag,1
384,andrew cuomo self proclaim undocu immigr free crimin say jihad deport illeg that akin flip bird taxpay your embarrass amp disappoint law abi,1
501,yo pussi equival list celebr fuck u mean,1
863,yeah aw woman arent properti abus anymor terribl law child rape,0
387,pepsico ceo indra nooyi talk david rubenstein talk like woman immigr csuit bloomberg tv pepsico ceo indra nooyi talk david rubenstein,0
995,unfollow fuck pussi,0
499,,0
110,tire frighten exhaust victim jeer young woman help migrant victim,1
442,italian pm cont natofund aid libya new econom measur,0
662,corey booker demonstr world grandstand dramma mamma lie document avail content spartacus moment like hyster woman pm lol douch liar,0
100,mother w famili,1
875,alessia fkn skank go chang,1
516,thank much creat hear packag see tweet differ take agre coulter booker harri compet hyster woman award realli appreci work put thx,1
171,itali prime minist eu shun refuge amp migrant escap war hellish treatment libya local italian help shipwreck refuge flee syria amp iraq onto shore give food drink,0
816,okay hyster woman complet whacko traitor,0
744,bitch money talk stfu hoe go make bread,1
584,left wh dead break abl buy million dollar home buy skank daughter million dollar apart boy would love see loan applic bank statement smell bank fraud tax shenanigan,1
760,hyou bitch stfu ilym stupid dumb hoe,1
729,futur femaleaverag yr old man um woman stay kitchen ha clean hous hahahaham,1
716,ironi islam liter treat woman like sex slave hubsand allow rape wive everyday want,0
258,reason implement strict refuge vet procedur well reduc number refuge,0
34,juncker respons migrant step forward say cont,0
222,wed rather current immigr polici coupl stoog like would never get,1
759,samantha dont shut fuck mind damn busi whole situat noth run fat mouth want sell pussi wou,1
870,there noth wors someon flame audac say wasnt funni someth think hyster,0
947,well call sexist im doubt hyster woman protestor btw sever hyster male protest havent see news id say sexist dear oh sorri dear sexist sorri dolli,1
290,wayn law alum rubi robinson comanag attorney michigan immigr right center organ spearhead effort stand immigr right state,0
853,alreadi hyster woman day twitter freakout leg room plane,1
357,australian senat tell un shove australia accept refuge free speech time,0
268,head mcallen texa protest cruel inhuman way govern treat immigr famili amp demand immigr refuge must releas detent agre take action,0
825,noth new alleg societi rape woman impun even p,0
591,bitch doesnt shut fuck swear god,1
347,one u solv problem vast syrian refuge crisi everi one u someth,0
375,welcom refuge,0
222,wed rather current immigr polici coupl stoog like would never get,1
245,peopl meet want refuge britain seem wonât contribut cost pay tax donât live among main young afford hord refuge cant peopl see,1
390,execut director john barcan director volunt church engag sara aardema present legaci confer host moodi bibl institut engag immigr issu gospel creativ way church tackl refuge crisi,0
980,love yoursw supremacist shut fuck whore noth ever top wing dumb bitch rb theme silk choker noth top heard bst even fuck listen masterpiec centuri,0
685,hyster woman,1
63,dont like america leav there door isolation backward enlighten u vain word get rip import terrorist pose refuge need,1
262,do noth stop steal american jobsw watch wont con billion wall fund tire useless talkit wont stop fli steal american jobsstop,1
865,shut fuck upyou idiot wonder peopl call entitl misogynist assholesyour liter pin blame femal charact huge titti one woman read post game make hundr choos one woman blame,0
402,bandaid american want total immigr reform build wall get go congress right thing,1
237,shock anyon follow refuge stori would abl predict outcometoo bad,0
60,sweden afghan migrant whose deport thwart naiv attentionseek student activist actual sentenc assault receiv prison sentenc sweden,0
165,delhi depict pathet scene aap come powerramp encroach appeas classilleg migrant jhugi sprung,1
756,bunch hyster woman protest,1
43,tri connect home cultur immigr parent like listen bunch boomer describ what wrong america lol,0
46,congrat brother ad anoth degre famili sibl how statist immigr famili,0
494,messag liber advoc open bordersif import third world get third world problem hard understand itth british nation parti continu campaign tradit britain,1
991,amaresh mishra give rape threat woman employ waah true journal,0
312,grant uk vote leav eu immigr germani crime rate go most young migrant even norway sweden problem british commonwealth lot crappi nation want citizenship expect hous etc,1
342,afghan migrant sexual abus seven child germani releas month,0
352,close centr centr migrant leav say french eu affair minist plan control center process asylum claim peopl disembark eu territori rescu sea,0
350,go open home refuge ang,0
215,crazi someon open ham sandwich chain right next door,1
102,alabama wow wonder mani legal sound terribl hear say lot peopl,1
163,unit nation call trump administr immigr polici violat human right,0
764,lol alreadi theme song stay kitchen kitchen get hot,0
604,dont give fuck weirdo shit ugli pussi yuh mother dirti friend suck dick last word,1
959,think booker hyster woman kamala,1
152,help come peopl die govt countri crimin brand send immigr pack dem send u pack wors,1
5,un pick refuge uk pick most syrian muslim,0
661,ann coulter call cori booker hyster woman,0
247,trump immigr strong,0
395,dacaag illeg far like commit crimesb jail immigr reform start clean slate,1
179,everi day everi nd day sudanes refuge need hous close countri go home crime stat disproportion theyv decad integr clear isnt safe australian keep oz safe,1
866,iron sinc muslim rape show strip club woman prostitut shes deserv,0
954,rapistsand yet five hundr year rape sexual exploit african woman girl third class,0
481,make immigr turn ventur capitalist turn compassion capitalist three act refuge act ventur capitalist act ii social impact pioneer act iii,0
354,organ fundrais bring sharehold action stop coreciv geo group hous immigr child parent colleagu lot experi area need support plea help,0
945,multiyear champion hyster woman univers award im generous call woman,1
389,may resign parti lose touch ordinari peopl uk ignor parliment vote one thing lose nh confid go ignor front line staff plea pay condit fund cut make pay immigr cost u much,1
386,know someth chucki peopl dont give rat behind say parti do enough destroy america do ideal,1
378,act_southernsyria despit extrem danger situat assad control forcedreturn shame,0
297,money pay social welfar increas togeth money refuge destroy budget peopl must decid welfar less refuge welfar without refuge isnt possibl,1
680,need ladi next train actual stfu tri deep convers work place behavior man across your loud whisper fuck earli,0
663,social medium ambassador woar woman organ rape,0
289,boat act like taxi servic econom migrant pose refuge come europ seek welfar benefit west refuge stop turkey like real refuge instea,1
212,alreadi,1
552,brown nose nikki silent donni talk pussi grab silent call black countri shit hole silent spew racist vitriol silent charlottsvill go onso stfu,1
695,kept cool human icebox occasionhyster womanroflmfao,1
701,ok sure skank as troll bot go take bath toasterno one miss go,1
510,hrc take long walk wood sink incompet void solut stack deck get fat butt kick worthless pathet skank woman,1
454,one year anniversari start ethnic clean approach,0
852,dont forget im sure lynch justifi woman never lie rape com,0
53,bulgaria say readmit migrant rest eu,0
520,hate break pussi manbut thing your respons destruct countri might abl fool liber sheep trump parti number worthless piec shit,0
778,hyster woman,1
922,wow stop write cap lock get your hystericalnow shut fuck,1
346,alreadi year wait list b fire mani migrant other wait list wait long glasgow buy self budgi get celebratori status u want send back countri origin evict scot stop,0
881,skank look good arm date mom long need start think botox mayb full facelift lie,1
584,left wh dead break abl buy million dollar home buy skank daughter million dollar apart boy would love see loan applic bank statement smell bank fraud tax shenanigan,1
968,pussi as bitch stfu,0
590,realli anyth case kindi would use low iq hyster woman zero talent,1
235,itali new coalit vow kick half million migrant free speech time,0
126,molli tibbett murder polit issu law enforc issu save american live crimin drug,1
365,meet dr bharat balasubramanian indian immigr execut director center advanc vehicl technolog univers alabama come alabama find werent enough qualifi engin mercedesbenz alabama facil,0
727,cum skank,1
787,imagin chaeyoung cut cook meat eat one u choke u die leav cold dead bodi ground bc shes bore,0
462,side coin mani migrant get hous first place tragedi tragedi get new hous,1
234,two exampl mexican govern offici blackmail u threaten flood south americanâ immigr,0
531,stfu aint make nois yet pussi,1
628,liber selfidentifi spectacular stupid egocentr liar say anyth pursuit selfelev agendaw proofjust watch compet hyster woman kavanaugh hear,1
602,hilli wont return harvskdon per guidestar foundat tax form million hand pro woman anti rape til,0
9,immigr declin cost uk economi billion say think thank independ,0
736,fuck bitch dont know fuck act your fuck whore who use get fuck random dude dont even know,1
266,pakistani goe sudden immigr jihad syndrom street toronto illeg firearm feder govern consid total handgun ban call canadian logic countri home hotel,1
488,thing think wrong shut govern get fund ask right numer time wherea gotten wrong everi time,1
324,pressur spain maritim border boatload storm spanish tourist beach amp scatter,1
853,alreadi hyster woman day twitter freakout leg room plane,1
927,u dont think rape cultur exist u u prob check feed right caus liter everi woman u know post,0
613,well hyster woman cadaver ghoulnow shut go back crypt sun,1
921,oh skank,1
620,utter scum come mock u rob u rape woman fight u think weak,0
804,rape year old woman year old state america that statutori rape rather want sex,0
669,bad thing stupid think roll back roe v wade realli need educ scotus work probabl pay like hyster woman,1
90,refuge drown crete make movi refuge industri,0
216,two polish men make perfect clear think immigr via,0
811,shut fuck snowflak think communism natzi pose hell lot threat democraci fuck call republ dictatorship googl america great servic fact censor alt right c,0
302,india wish ladi offic show spine tackl crimin netastheir atroc pooramp duti brave without fear,0
332,india tough illeg immigr bangladesh deport immigr peopl settl slowli move south,1
203,angri un job check lebanon isnt coerc syrian refuge return home lebanon stop give resid permit agenc intern staff,1
477,actual wonder safe would feel stand middl group child refuge,1
498,devast report reveal illeg migrant live one french suburb,0
798,hyster woman touch anncouldnt agre candidaci alreadi,1
45,scam magnitud take place without conniv toppl fearless expo nexusampget guilti punish,0
465,putin say muslim refuge migrant go saudi arabia iran radic belief consid norm free speech time,0
138,could proud work migrant right justic leadership watch full episod speak last night,0
829,im sick tire folk like use platform bulli differ opinion opinion differ doesnt make hyster woman call woman disrespect hes proud black man put respect,0
408,eu use turkey buffer stop refuge reach eu turkey build syria border wall kill amp injur tri cross deport ten thousand other eu want reach similar deal buffer state,0
42,immigr invad,1
92,yale law professor encourag american hide immigr ice act civil disobedi whatev happen sedit charg educ ahol like one,0
127,illeg child abus make kid make danger journey enter u illeg american kill illeg never unit kid empathi illeg game u,1
238,illeg alien alreadi sentenc sexual assault resentenc enter u illeg,1
136,alway difficult ass what truli happen countri dont know definit look good,0
332,india tough illeg immigr bangladesh deport immigr peopl settl slowli move south,1
939,suck titti finger pussi time make squirt,1
574,take second rememb rap three month ago caus see woman someth nurtur someth conquer he yell fuck hoe love,1
895,shut fuck fuck monkey jew bitch cunt nigger dick lick,1
184,american want fund wall also want speaker plea,1
767,men denigr trump accus defend oreilli deni date rape exist castig woman come forward sooner,0
496,german govern pay week vacat refuge go home includ airfar back countri claim flee unsaf armstrong econom,0
617,im do twitter express view keep say thing like might wrong that feel throught thread bc exact fear gang attack menow im solostan racist idiot bitch skank,0
241,welcom cant deport go underground,1
914,number woman accus weinstein rape rise six yesterday,0
35,ice launch new immigr sweep la area least detain far,1
466,watch austria cut benefit migrant refuge pakistani outrag free speech time,0
294,lebanon syrian refuge hope go home despit un warn al jazeera english,0
675,miss depth hyster candi corngat episod tonight,0
3,invas issu mexican,1
505,last bitch talk look anyway stick dusti as tongu back ya musti std fill mouth shut fuck hoe,1
972,slutwhorebitch cunt coulter,0
245,peopl meet want refuge britain seem wonât contribut cost pay tax donât live among main young afford hord refuge cant peopl see,1
939,suck titti finger pussi time make squirt,1
114,tell barack sir thank mr trump fix polici hey obama mayb go sell gun cartel sell pay phoni,1
738,like care charm tim think lose residu masculin borrow brilliant express im skank piec shit know men cant becom woman get toxic quick tran brigad that male power,0
1,im immigr trump right immigr give insight stori,0
208,couldnt negoti chocol bar sweeti shop cameron deal immigr never mind failur,0
147,open thread night owl un complet new world migrat compact u holdout,0
664,compet ugly nasty skank america,1
256,hundr arrest dc protest immigr polici,0
902,shut fuck know your bitch whore,1
915,fight russia pussi potus,0
568,corey booker kamala harriss compet hyster woman senat,1
152,help come peopl die govt countri crimin brand send immigr pack dem send u pack wors,1
132,iraqi immigr accus shoot colorado cop crimin histori yet avoid deport report say,0
721,nicki album bomb af swear yall nigga realli dont like woman sound like hatin bitch go put skirt stfu,1
371,mexican central america immigr want u nativ speaker speak spanish joke,0
135,theyv spread everi corner countri appar million know mani realli million infiltr u must go,1
626,realli hard tell hyster woman senat hear week,1
180,last time sing sing immigr song today yesterday,0
490,two third british public think immigr highalmost three quarter think uk crowd think immigr negat effect avail hous,1
743,unfortun remind men kind shut fuck tell woman femin call make woman decid mayb well disagre woman woman decid what femin one ask approv,0
796,miss pussi,0
977,rememb woman inferior men even though general test well everyth men doit fault suck there noth push away thing,1
189,use foreign aid budget help illeg migrant go back home via,1
884,lot peopl tell woman dont speak rape cultur via,0
815,sex cool u ever come back school find parent arent home u scream fuck bitch im fuck home alon cunt yuhhhhhhhh cuz,0
448,folk perceiv work,1
406,correct come town near,1
324,pressur spain maritim border boatload storm spanish tourist beach amp scatter,1
814,yall get ta learn start see woman human yall act like alien yes cunt tit sweeti sexual sexual enough well either way non fuck busi go choke inch cock,0
632,hyster chine insult know today nsfw,0
652,ive see break tear audienc turn let talk hyster woman,0
809,dont like song bitch keep move hoe cant sing cant shit suck dick bitch stfu dumb white trash as bitch,1
42,immigr invad,1
98,yearold touch live,0
145,like video immigr protest unknow agre trump,0
321,appar consid set annual refuge admiss cap low number admit would blow smithereen budget nine feder resettl contractorslearn nine suppos chariti,1
71,infuri never see german french italian govt award contract uk busi favour,0
183,eu keen strike deal muammar gaddafi immigr world news guardian,0
339,countri scar violenc lgbti activ alway welcom sofia daniel stori,0
374,understand mind immigr undocu illeg break law therefor stay countri law respect,1
633,wah make million year wah fuckin bitch bro cri river pussi,0
271,grandma immigr mexico that right im white im pro immigr dont encourag anyon move mental ill prerequisit dont govern give forc,0
384,andrew cuomo self proclaim undocu immigr free crimin say jihad deport illeg that akin flip bird taxpay your embarrass amp disappoint law abi,1
522,u woman leav alon get anough skank problem,1
407,must pass law deport border court illeg includ central american cross border illeg asylum contest remov order mandatori everifi,1
484,nolotteri get line,1
437,romanian andrei parvu american ethan todd grown individu faith god friendship face hardship red tape encount tri obtain govt approv parvu fbc madisonvill pastor,0
958,fact he best sandwich maker side mississippi,0
783,mention book clair didnt stay kitchen either woman clear doesnt know shes talk howev yes much woman cook clean etc,1
344,syrian refuge right move uk shame welcom refuge either middl class idiot ex refuge,1
950,quit thing man hide cupboard evad charg rape accus woman creepi,0
359,stand ground publish truth ignor backlash mail pull stori migrantinfest pari suburb backlash,0
48,unless your third world rapefuge,0
681,stfu there million peopl without dad your rich bitch get,1
282,kaepernickput foot mouth disrespect fan exampl sacrif everythingthey exampl ignor,1
670,hyster woman kavanaugh hear today,0
551,besid disgust rape joke fuck old like tell woman go back kitchen smh,0
581,yall degrad ikon watch might popular one versatil kpop group cant bring era continu shine longer anyth stop stfu,0
483,clinton illeg immigr via,0
713,woman write status might give peopl sen magnitud problem,0
449,medium silent govt use vega shoot push bill allow warrantless search,0
152,help come peopl die govt countri crimin brand send immigr pack dem send u pack wors,1
83,,1
726,your whole entir bitch mother father probabl brother sister stupid fuck cunt,1
656,pretti hyster,1
895,shut fuck fuck monkey jew bitch cunt nigger dick lick,1
636,guy get hyster tri pin berni loss anyon particul,0
433,make liber cri one tweet,1
326,illeg alien take life decid would break u steal id ssn work illeg rob u instead send famili kill realli didnt care famili huh,1
746,get job fat daddi fuck cunt that im pay rent dumb as hoe,1
762,stupid fuck cunt dont like your gon na speed stop bus tri run year old wan na act like tough as come face dont put kid safeti risk caus your stupid bitch,1
685,hyster woman,1
227,bloodi disgrac keep polit school,1
931,hyster woman nice gender separ person ann get hard grasp one plea tri,1
473,give un access return rohingya refuge,0
486,american worker winningtrump cut suppli wagelow migrant labor execut complain bitter forc compet worker offer high wage restaur rais wage fill job restaur,0
134,save live,1
518,skank grahamjohn mccain would asham,1
567,peopl hyster dow sinc elect,0
752,copper sandwich maker sweep sponsor money nut kitchen author enter today,0
598,rape woman talk woman role,0
653,meadowland mama piti parti gon na stop use taxi coz skank call fat,1
407,must pass law deport border court illeg includ central american cross border illeg asylum contest remov order mandatori everifi,1
728,scream decad last time roe v wade actual threatenedask honest plea shut fuck,0
908,thank ruin footbal pussi cant watch anymor bore,0
609,hi bitch pls u skank as hoe aint bouta shit throw hand tomorrow sinc bold twitter,1
936,uplift discours realli scumbagyour republican presid talk grab woman pussi support neonazi separ kid famili your talk uplift discours stfu,0
591,bitch doesnt shut fuck swear god,1
289,boat act like taxi servic econom migrant pose refuge come europ seek welfar benefit west refuge stop turkey like real refuge instea,1
494,messag liber advoc open bordersif import third world get third world problem hard understand itth british nation parti continu campaign tradit britain,1
154,costa del crisi migrant pour europ new spanish gateway one,0
288,power help rebuild live hand get start tonight âž_xd_,0
997,honey fellow white chick let tell need shut fuck quit tell black woman feel talk black woman stay damn lane bitch im talk whatev,0
667,ahh see final embrac inner blond skank good mitch,1
737,get pussi,1
964,take heat that l stay kitchenyou cant deni woman fear speak truth power without hesit may older cup tea fight love countri polit,0
190,sweden k loxbo voter percept polici converg shortterm opportun antiimmigr parti exampl sweden scandinavian polit studi pp,0
124,guess say pay illeg alien dave,1
523,lol admit love jailhous rest case your pathet hyster beyond funn,0
588,bitch u whole catfish trynna get fuck u janitor closet mind your,0
803,check tweet hyster womanscumbag swamp creaturezippi,1
837,jos wan na say fuck u cube,0
856,hyster woman,0
307,enough monster continu import monster countri,1
471,ive enter mobo unsung remix tombak wish luck,0
965,say hyster woman,0
817,sell venu california bus skank like matter time bless theindiggn band vibrat,0
372,suspect migrant find dead evro,0
8,violenc toward tourist barcelona spain tourist go home refuge welcom,0
823,whatev make happi realli bitch good friend mother fuck cunt,1
172,question make someon understand say get countri isnt someth former illeg immigr take light probabl ever forgiv ask friend ive tri everi nice way mayb time say hate peopl say racist shit,0
878,nigga get cri bout get play everyday lol woman like weird niggasfunni nigga athlet niggasthug nigga etc find bitch yo arena stfu,0
599,mom hair pussi need stfu lmfao,1
409,nontradit school design help immigr refuge student acclim,0
225,white south african farmer appli refuge protect australia special treatment via stop white genocideaccept white immigr,0
519,like woman rape woman aswel woman rape men aswel men rape men aswel,0
922,wow stop write cap lock get your hystericalnow shut fuck,1
474,mad get inspir former presid germani gauck happi lover refuge love multikulti warn refuge destroy germani societi afraid,0
512,sad woman wear noth intent action rape sorri go,0
824,guy rape woman clear problem woman speak one help,0
794,nah yall stay kitchen make barii baasto,1
708,bitch aint one hate join club stand corner stfu,1
491,modriä_xd_ grandfath relat kill balkan war mandzukiä_xd_ spend childhood germani refuge croatia stori incred recent memori,0
453,janic holbrook line john woodland immigr possibl bear bedfordshir england,0
114,tell barack sir thank mr trump fix polici hey obama mayb go sell gun cartel sell pay phoni,1
291,still look nazi mirror rememb pack lunch one want eat lunch person whose food spit immigr worker restaur kitchen,1
446,hear hear may bow grovel plea pleas princ what name give gong number send nurs home near buckfast palac as wipe immigr call alic rememb mr austeri,1
643,cant wait daughter fulli understand bad rape woman actual peopl,0
20,un call stop separ immigr child parent,0
715,whoever send rude as messag fuck cunt cant get grief especi mother mean fuck sake spend nine month insid woman mourn last lifetim especi,0
158,politician new world order globalist intent dilut popul divid countri migrant anywher import get rid globalist govern oz agai,0
984,regina georg nasty skank bitch ever meet trust fug slut,1
744,bitch money talk stfu hoe go make bread,1
678,stfu hoe bad bitch,1
490,two third british public think immigr highalmost three quarter think uk crowd think immigr negat effect avail hous,1
973,wan na know sexism look like go skank miss odwyer,0
970,tri destroy miss kid first day school skank topless yet anoth man disgrac kid good dad theyr happi safe stabl love home,1
886,poster local rape crisi old woman walker raggi cloth titl say must someth wore,0
141,keep love brother sister dont forget show hospit stranger do entertain angel without realiz hebrew,0
828,fuck pussi,0
677,mr fuck graham shut fuck fuck abort goddamn son bitch fucker take away right woman right bodi son bitch,0
309,coward last activ parti member involv illeg immigr industri,1
793,alreadi control border hyster loon,0
656,pretti hyster,1
944,stfu pussi appl music,1
129,tabl museum jewish heritag live memori holocaust immigr art amp woman empower summit,0
757,hyster woman aliv go find island stay,1
869,aight goodnight whore except girl that tl bash guy hoe stfu bos bitch,1
638,hyster make sooner grow pair ban shit paper well,0
625,shes kind skank dont want see light come close time along melania ivanka russian skank,1
69,meanwhil syria russia iran pretend safe refuge return,0
539,fri pussi,0
572,fight round minut cage match looser leav town match come pussi,0
546,hold im jack perfect way end argument ima like yo stfu wan na argu get yall pussi ate pick one,0
876,bitch shut fuck,1
52,press report note lat leave shout immigr immigr welcom trial question uk citizen accus abus girl leave demonstr immigr,0
644,booker kamala compet hyster woman kavanaugh hearingsspartacus,1
562,listen skank sugar daddi big x draftdodg punkbitch coward countri opinion mean noth go find stripper pole whatev stfu cowardic enough melania trump,1
842,huge number say thank skank repres wasnt involv saw illiter hooker pimp tri influenc other one walk away republican barbi anal wart wont,1
741,pussi boy,0
343,sweden bar refuge return syria give benefit instead,0
104,crime rise rural area threat ice keep immigr communiti report polic polic nationwid visit,0
979,well seem trump tweet cool wow woman insult go well togeth get call skank get tell stds mean misogyni goe base guess lol also someon call hick ultim ironi wow,0
877,booker hyster woman harri common slut,0
553,skank look like half man half actual nerv make fun someon el look cant make kind stupid ugli look like surgeri success congrat dude btw f,1
747,hilli put anyth support woman anti rape wont return harv donat alway money clinton,0
876,bitch shut fuck,1
405,refuge tanzania worri forcibl repatri via,0
232,ireland indian subcontin taxi driver fake marriag immigr scam expo,0
810,screw face skank music,0
553,skank look like half man half actual nerv make fun someon el look cant make kind stupid ugli look like surgeri success congrat dude btw f,1
12,realiti nike unlik groupi never buy product enough enough ugli crap enough alreadi love flag,1
575,nike becom even well hit daughter hand bitch stfu nike grab pussi,0
424,illeg alien charg kill two miami woman dump bodi street,1
624,addit play hyster woman trope assum design use tear later film nonetheless annoy time tri watch,0
868,realli mr grab em pussi yes talk like werent elect instil russia stfu moron your go prison traitor tot,0
142,past day eu give cover eu state crack chariti save refuge amp migrant sea drown tri flee horror libya,0
330,terribl wrong practic fall direct hand yearold girl sexual abus immigrantdetent center via,0
694,yea fuck as hole mother fuck bitch grrrrr,1
389,may resign parti lose touch ordinari peopl uk ignor parliment vote one thing lose nh confid go ignor front line staff plea pay condit fund cut make pay immigr cost u much,1
188,presid trump m gang either throw hell jail get countri,1
681,stfu there million peopl without dad your rich bitch get,1
574,take second rememb rap three month ago caus see woman someth nurtur someth conquer he yell fuck hoe love,1
836,gifset part respons beast woman tweet clair stay kitchen,0
50,deep state way deeper imagin,0
253,canada pm justin trudeau spend billion illeg immigr cut aid veteran free speech time,1
292,funni new right gover cut welfar refuge general refuge save money send home â run syria afghanistan austria suport countri develop,0
951,cant find abbrevi treat woman nice doesnt use word rape realli,0
547,fact cube would rather fuck whole exist along artist career label tri punish relationship beyond hope choke dusti as dick,0
564,your ugli fuck bitch take back word say wish slap stand infront blahe eye pussi bitch,1
51,pm borissov bulgaria agreement chancellor angela merkel transport migrant,0
502,dont attack woman rape victim isnt hard,0
434,granni veteran tia insid grassroot effort help immigr famili separ border,0
798,hyster woman touch anncouldnt agre candidaci alreadi,1
385,confid scotland wouldnt grant vote amp want import en mass keep power live corrupt despot,1
818,get ta fuck bitch play girl heart pussi,0
478,good get word central american enter u illeg releas never show court angel famili enough enough via,1
634,anoth fuck piec crap go far chase mirag kashmiri woman sleep around rss men fuck cunt saniti leave must hear phrase langoor ke haath angoor shit similar,1
119,protect usa illig refuge thank mrtrump,1
297,money pay social welfar increas togeth money refuge destroy budget peopl must decid welfar less refuge welfar without refuge isnt possibl,1
82,migrat mother problem say german interior minist,1
431,watch kris kobach time illeg immigr stop via,0
134,save live,1
135,theyv spread everi corner countri appar million know mani realli million infiltr u must go,1
706,need stay kitchen preclos whatsoev,0
683,america find immigr fuck cunt as bitch,0
894,pretend he maverick realiti he hyster woman,0
691,true morganif obama hillari would stfu go away youll never hear talk id prefer eras year memori anyway,0
217,didnt liber say illeg kid illeg cant stay give custodi anoth illeg alien overid feder law,1
653,meadowland mama piti parti gon na stop use taxi coz skank call fat,1
96,amp alli congress dualðÿðÿðÿºðÿpassport want strip status amp abolish refuge agenc provid assist million clean regionisrael pm idea,0
245,peopl meet want refuge britain seem wonât contribut cost pay tax donât live among main young afford hord refuge cant peopl see,1
891,shut rand pussi,0
696,say hyster woman launch insan crybabi medium tirad last week polit ask switch seat airplan,0
272,cdu say still want work csu migrat issu,0
456,world bank call global support help rohingya refuge,0
901,even rape muslim woman almost imposs prove strict islam law sharia,0
233,anoth reason easi jihadist islam countri slide across border illeg folk mexico central americaparanoid mayb littl dont want see countri look like european countri,1
105,franc pas new immigr law deport migrant quick possibl free speech time,0
805,alreadi hold titl hyster racist whine beetch stfu,1
648,campaign woman disappear rape survivor,0
903,case trump multipl alleg sexual assault rape follow call woman liar threaten,0
118,look well life bloodi proper get line like rest legal immigr dont sneak back door america cant everyon countri enforc ow,1
640,see talk peopl get pocket real quick never ever live individu day life hate peopl like man woman fuck relationship stfu,0
70,stop illig immigr italia refuge chang destin go marocco enter europ spain socialist garantue open border spain newspap report mio come,0
989,st elect russia rig systemnd heard pussi grab stfurd lie report report truthth day long demean belittl everyoneth fact see fact say your,0
674,mayb jame woman rape victim dont deserv respect digniti justic rape feloni crime prison,0
58,arrest illeg vote illeg non citizen vote give year deport asap alway scam illeg maga via,1
992,ya recent guy get acquit rape charg beco appar woman question say feebli,0
381,peopl poland want ban muslimâ immigr,0
570,bitch stfu,1
368,refuge dont get food water go back quick presid havnt much,1
807,fuck dont stand defend america worthless pos obvious youv never serv militari caus pussi point understand servic member fight right american,0
961,read fine like good give experi shes hyster woman look attent tri make sort issu two thing noth tenni match know rule tell read,1
654,yes obtus everi countri fuck world one herp derp help fund border wall countri deal race shame bullshit dick licker like want protect ourselv,1
425,lead zeppelin immigr song,0
323,room go home immigr main part new hampshir full,1
195,denmark harsh new law immigr ghetto,0
203,angri un job check lebanon isnt coerc syrian refuge return home lebanon stop give resid permit agenc intern staff,1
788,shut hear skank total let david go way,1
49,immigr teen say restraint chair use strap detent center,0
156,congratul justic tahira safdar firstev woman chief justic superior court pakistan,0
566,need fuck pussi mami,1
414,home offic guilti serious breach duti candour cooper regard child entitl enter uk child go mani disappear mean lose traffick come,0
688,lol hyster your loser actual think potenti your disingenu clear want celebr leader,0
146,alli take compliment unlik hous non repres much love nation hold ordinari peopl way life ransom pay food noth go lectur system take white pee u fire cracker man,0
826,talk rape victim woman sexual abus one la,0
488,thing think wrong shut govern get fund ask right numer time wherea gotten wrong everi time,1
404,see geoff wanamak get new boatlol,0
734,look he scare woman hide embassi child rape charg suck gay richard bra,0
167,author deport terror pen essay entitl communist immigr advoc histori era today give itand booka read,0
326,illeg alien take life decid would break u steal id ssn work illeg rob u instead send famili kill realli didnt care famili huh,1
120,hungari offici pull un migrat pact encourag migrat,0
756,bunch hyster woman protest,1
952,im sure ben sas think sound like hyster woman elliott,0
230,today recogn effort resili refuge around world seek safeti communiti help world relief chicago abl provid vital servic everi donat help make,0
321,appar consid set annual refuge admiss cap low number admit would blow smithereen budget nine feder resettl contractorslearn nine suppos chariti,1
622,sometim feel like old mommi alway readi intim youeven lust mom pussi doesnt stop soak,1
283,ny check immigr art coalit summit,0
684,lolso truei think booker win battl hyster woman kavanaugh hear,0
76,check video im honor get see start roll new tech uganda make sure food get right refuge,0
88,franc nant burn multipl riot erupt polic shoot video joy immigr diver,0
750,reason grope rape woman ri,0
823,whatev make happi realli bitch good friend mother fuck cunt,1
238,illeg alien alreadi sentenc sexual assault resentenc enter u illeg,1
501,yo pussi equival list celebr fuck u mean,1
130,illeg refuge includ syrian refuge mexican refuge south american refuge except venezuelan refuge go back home realli thing escap come legal dont see u burn mex flag,1
942,hyster go disappoint jan,0
800,miss stupid pretti stink dumb whore skank trick bitch as friend,0
724,fuck sexi queen special king spoil weekend life time suck pretti pussi fuck u good plus suck sexi foot fuck beauti,1
178,stephen miller public charg rule new book sinc immigr welfar remain welfar year burden u taxpay via,1
665,anyth member guild use love choke cock pussi stay wet day mission prove sword slinger,1
103,celebr centenni anniversari recogn man start believ worker deserv wage rise well walter j kohler sr second leave vision creat home immigr worker,0
983,hey guy mayb okay wink woman dont attempt rape dont gim draw line crap,0
937,think pussi verizon custom servic suck wild dickkkkkkk hr lmao yo,0
366,savannah larg irish immigr popul postfamin esp wexford kerri feed census mani irish counti origin rare,0
854,stfu pro abort racist b ive never see pathet group peopl like democrat worri woman call right kill new bear infant peopl disgust,1
621,im perfect happi boyfriend bitch dont worri karma come skank as,1
64,like video immigr leave u seek asylum canada regret hbo,0
737,get pussi,1
785,look think thing first cmon give woman benefit doubt may white power symbol may secret signal im feckless fuck cunt club mayb want j,0
109,exact day fals polic reportfals charg fals arresth knew ex wife residentmi jobi see beforeh knewh profession stalker liar thiefth restmi ex cousin ex year immigr,0
775,rememb countri villag burn woman aliv stone rape corp refut arrang marriag,0
641,youll move hollywood produc good movi may rape woman impuni,0
0,swear im get place nick time exhaust rt make bed lie flea pit creat tourist go home refuge welcom barcelona choose migrant visitor,0
561,sound stupid woman like stay kitchen quiet isnt money obama dumb presid wont job,1
173,go denzil stir present immigr entrepreneur contribut,0
6,delhi much good prez rulethan anarchist doesnt believ conciliatori consensus buildingjust wish follow either way way reduc delhi slum encourag squattersilleg migrant,0
364,spain armi open arm author deposit anoth men without health ident check algecira,0
723,everyon call u btch u dont like bitch like whaaat wouldnt call bitch u wore like whore wait someon dig dick stfu barbi yo nigga disagre,1
906,lol your probabl tweet hard move dick pussi shut fuck fake hoe,1
210,german govern pay week vacat refuge go home,0
436,judg ask empathi toward refugeeshow sympathi justic yearold girl famili,0
165,delhi depict pathet scene aap come powerramp encroach appeas classilleg migrant jhugi sprung,1
304,american agre detain deport welfar illeg job illeg,1
212,alreadi,1
287,texa border ice incarcer immigr central america yet texa voter instal canadian cuban immigr one u senat six year ago,0
850,guess happen hyster woman congress,0
255,say uk need million new hous immigr need million less immigr,1
858,booker win award put b hyster woman categori,1
789,go fuck anoth kid pussi,0
248,tri true method proven result,1
279,wonder u confer cathol bishop awar major player refuge program depend tax dollar give surviv,0
467,hundr migrant break border spanish exclav ceuta via,0
515,today sftp interview talk hyster pokemon fight never,0
516,thank much creat hear packag see tweet differ take agre coulter booker harri compet hyster woman award realli appreci work put thx,1
14,need encourag presid trump keep tri ban refuge,1
363,illeg immigr dont want citizen want money exchang u dollar mexico worth ten dollar get three dollar hour room board send back mexico realli thirti dollar hour,0
476,balkan countri meet discuss avoid repeat migrant crisi,0
671,ok like stfu hoe,1
320,bad polici compound corpor corrupt ok,0
839,elizabethii use libo weapon takeov royal famili treasur mahabharat trump chaiwala,0
802,renew vow thank getim waitin day hear say im sorri skank ive,0
106,iran presid comment nuclear deal criticis trump immigr ban,0
54,substanti number australian dont like immigr leigh sale big claim base evidenceon gottcha question anoth jeezuz im gnite,0
659,yt equival woman make fals rape claim fuck real doxx victim futur,0
252,crimin iraqi immigr shot colorado offic head,0
176,,0
962,alway hyster woman,1
379,trump first ladi continu bring,0
619,im friend crib east orang right window wide open hear pussi bitch suck dick that fuck cousin nigga,1
370,medium blackout new dad kill texa drunk illeg alien via refus secur border stop invas outrag,1
596,need laugh read tweet skank twitter account god stupid peopl world,0
345,grandma old state israel exil gaza ghetto year ago today elder refuge like live c f degre heat electr fan air condit cool drink water,0
678,stfu hoe bad bitch,1
161,job workersguest worker prg need support,1
833,book clair want stay kitchen cook man wouldv stay inver frank research outland seri wouldv end less two chapter long perhap that want prefer stori get,0
848,serious fuck argu anyon simpli express make feel stfu listen,1
784,princip max caulfield let emphat enorm skank insert butt thank,0
253,canada pm justin trudeau spend billion illeg immigr cut aid veteran free speech time,1
858,booker win award put b hyster woman categori,1
111,corbyn still maintain blair new labour essenti marxism danger cult put migrant first usual member polit religi cult would kill member left migrant return vote labour thus far evil,1
843,hi way get ladi stop shout hear opposit desir effect love silent handmaid scream hyster woman insult caus mayb hold sign instead,1
880,u rabid fuck cunt oh yea u indiana tho common u woman folk ask mother penc,1
29,refus help disabl iraq war vet illeg immigr stole id cost student aid make homeless,0
116,current debat scorejohnson pawlenti,0
593,compet hyster woman kavanaugh hear tri creat outrag hate,1
100,mother w famili,1
843,hi way get ladi stop shout hear opposit desir effect love silent handmaid scream hyster woman insult caus mayb hold sign instead,1
857,go rape dog fuck cunt,0
731,dont worri ann one ever accus hyster woman kind woman,1
745,birth control becam legal scotus find osteopath prescrib sen hatch sas yell senat get hyster woman chamber clear gop still want control woman bodi,1
85,valedictorian daca illegali kindtook time busi brain surgeon scheduleto smuggl smore med student amp quantum physicist illeg ussh musta heard gon na use meritbas immigr system,1
314,capabl nsui hand want launch dus first magazin deni permiss last minut launch street presenc polic du,0
740,way ball talk shit like mccain longer around know would tell stfu pussi,1
360,best far ace,0
872,spartacushyster woman,0
495,italian bishop say he readi turn church mosqu aid caus mass muslim migrat via,0
946,hoe stop fuck lie caus phone month dead till bitch u think u disrespect kidit mewher da fuck u like bitch u act crazydi aint act bitch talk shit im gon na,1
244,immigr,0
711,your freakass skankbag hasbeen year wtf anyway nobodi stfu go suck skank,1
782,thank hyster heartfelt wonder,0
367,trump let build wall deport illeg walk across border like central parkm,1
398,time come allofgovern approach,0
522,u woman leav alon get anough skank problem,1
733,omg pussi boy voicemail wish happi birthday absolut best appreci much thank pussi boy,0
308,think man get reput fool wasnt mail order email speak folk listen dignitari peasant accomplish speak mega doesnt blow,1
574,take second rememb rap three month ago caus see woman someth nurtur someth conquer he yell fuck hoe love,1
261,immigr issu famili separ portray someth brand new trump cnn never bother report polici predat trump obama deport peopl presid histori,0
231,refuge arab muslim welcom poland via,1
218,next battl berlinbrussel attempt transform illeg migrat legal migrat expand definit refuge includ vulner migrant certain african countri,0
477,actual wonder safe would feel stand middl group child refuge,1
791,mekpop twitter shut fuck old raggedi piec shit fuck bitch as smelli as stinki as hoe as ugli dont even know insert group name do fan world youv do noth eat shit whole life suck dick die hoe,0
797,one woman thread men mansplain jacki fox rape woman post,0
842,huge number say thank skank repres wasnt involv saw illiter hooker pimp tri influenc other one walk away republican barbi anal wart wont,1
432,meanwhil israel african refuge deport forceafrican refuge woman forc take contracept white jew welcom israel get isra citizenship black,1
340,egypt devout muslim burn home coptic christian,0
798,hyster woman touch anncouldnt agre candidaci alreadi,1
966,deciev peopl dont know woman report rape islam countri arrest charg fornic adulteri,0
544,that reason feminazi back ur hole bitch,1
529,there one hyster woman tweet shes senat,0
695,kept cool human icebox occasionhyster womanroflmfao,1
341,immigr price ignor work nhs staff teacher lingo fact life stem flow violenc,0
564,your ugli fuck bitch take back word say wish slap stand infront blahe eye pussi bitch,1
248,tri true method proven result,1
723,everyon call u btch u dont like bitch like whaaat wouldnt call bitch u wore like whore wait someon dig dick stfu barbi yo nigga disagre,1
41,germani tri deport criminel afghanistan refuge back home till bring person back home special flight,0
440,ice job stop obfusc immigr issu conflat term immigr illeg alien theyr illeg break u law need go back,1
561,sound stupid woman like stay kitchen quiet isnt money obama dumb presid wont job,1
438,immigr detent camp texa america becom dont remain silent,0
794,nah yall stay kitchen make barii baasto,1
113,plea go church tomorrow chang immigr law week cos poor indian doctor cant get sponsor train yet give unemploy rise name christ begon year take evil law,0
427,proud share stori anoth migrant full passion give best help new zealand economi congratul client jaspreet singh get work visa approv share stori,0
758,real hyster woman,1
941,dont tell your love shut fuck eat pussi,0
185,respect mr clowney lot migrant mean shoratag wait hour nhs school servic u dont,0
651,ordinari woman resist dont allow rape go rapehow becom trauma u r disr,0
118,look well life bloodi proper get line like rest legal immigr dont sneak back door america cant everyon countri enforc ow,1
690,think cori booker win competit hyster woman,0
211,referendum campaign joke wouldnt long saw headlin brexit caus aid dont get much closer,0
300,trudeau traitor rip canada,1
885,nigga im pretti sure dont get pussi stfu,0
432,meanwhil israel african refuge deport forceafrican refuge woman forc take contracept white jew welcom israel get isra citizenship black,1
458,immigr mental,0
286,great see child advoc like speak kid live immigr famili ask aobut citizenship undercount child take action tuesday,0
609,hi bitch pls u skank as hoe aint bouta shit throw hand tomorrow sinc bold twitter,1
975,dat right bitch as fag cunt slut dumb fucken bitch shut fuck next time,1
689,stop name call grow pair ball dont say anyth stupid know truth come havent releas statement evid instead arrog pest rememb believ woman cant rape men also mean think cant rape woman either,1
616,im eat pussi pleasur dont care nut time smack head run away smash head yo leg cri im finish bitch im finish stfu stop cri,1
645,bitch say unit state rape free ask million woman havent report due bad societi,0
124,guess say pay illeg alien dave,1
380,donat flood immigr child nyc,0
416,special team peopl make respect rtd judg let visit indian state camp amp identifi illeg migrant amp peopl expir visa govt must ensur immedi deport,1
329,congress polic report detail sexual abus immigr youth shelter propublica,0
981,hyster woman,1
480,snowflak dont understand far right ordinari peopl actual effect migrat peopl whose hous price drop car insur increas due rise crime rate,0
955,say hyster woman woman right,0
548,fuck hoe ugli anyway trynna see pum pum like twanni say make nois skank as hoe say nigga chanc,1
783,mention book clair didnt stay kitchen either woman clear doesnt know shes talk howev yes much woman cook clean etc,1
494,messag liber advoc open bordersif import third world get third world problem hard understand itth british nation parti continu campaign tradit britain,1
890,nigga date bitch aint even old enough drive talm bout woman complic bitch date toddler stfu,1
822,delet tweet pussi shut take pill old man,0
907,case rape victim guilti educ men respect woman period,0
967,ooh get shakespearean level manipul cours goe hyster woman angl side order use hanssen feel roxanna,0
463,racist scum that nice l aid trip sometim decis make get feed immigr effect nh,0
963,serious book clair stay kitchen type read book,0
